Well,Omit,Sample,Target,Task,Dyes,Cq,Cq Conf,Amp Score,Amp Status,Annotated,Baseline Start,Baseline End,Tm1,Tm2,Tm3,Tm4,Curve Quality,Result Quality Issues
A1,FALSE,media_1_T12,1,Unknown,SYBR,33.67079,0.9808912733351850,,Amp,FALSE,0,0,73.34982,,,,,
A2,FALSE,media_2_T12,1,Unknown,SYBR,Undetermined,0,,No Amp,FALSE,0,0,60.0004,,,,,
A3,FALSE,media_3_T12,1,Unknown,SYBR,Undetermined,0,,No Amp,FALSE,0,0,60.0004,,,,,
A4,FALSE,Bd_pel_1_T44,1,Unknown,SYBR,Undetermined,0,,No Amp,FALSE,0,0,60.0004,,,,,
A5,FALSE,Bd_pel_2_T44,1,Unknown,SYBR,Undetermined,0,,No Amp,FALSE,0,0,60.0002,,,,,
A6,FALSE,Bd_pel_3_T44,1,Unknown,SYBR,Undetermined,0,,No Amp,FALSE,0,0,61.682747,,,,,
A7,FALSE,Bd_sup_1_T44,1,Unknown,SYBR,32.21487,0.9801809291696160,,Amp,FALSE,0,0,73.57274,,,,,
A8,FALSE,Bd_sup_2_T44,1,Unknown,SYBR,Undetermined,0,,No Amp,FALSE,0,0,60.0002,,,,,
A9,FALSE,Bd_sup_3_T44,1,Unknown,SYBR,33.59638,0.9643166901905110,,Amp,FALSE,0,0,74.694885,,,,,
A10,FALSE,Bd_pel_1_T0,1,Unknown,SYBR,Undetermined,0,,No Amp,FALSE,0,0,60.22494,,,,,
A11,FALSE,Bd_pel_2_T0,1,Unknown,SYBR,Undetermined,0,,No Amp,FALSE,0,0,60.000603,,,,,
A12,FALSE,Bd_pel_3_T0,1,Unknown,SYBR,Undetermined,0,,No Amp,FALSE,0,0,63.141365,,,,,
A13,FALSE,media_1_T36,1,Unknown,SYBR,Undetermined,0,,No Amp,FALSE,0,0,60.0002,,,,,
A14,FALSE,media_2_T36,1,Unknown,SYBR,Undetermined,0,,No Amp,FALSE,0,0,60.0002,,,,,
A15,FALSE,media_3_T36,1,Unknown,SYBR,Undetermined,0,,No Amp,FALSE,0,0,60.0002,,,,,
A16,FALSE,Bd_midi_T44,1,Unknown,SYBR,28.899775,0.725153410338057,,Amp,FALSE,0,0,72.89913,81.19931,,,,
A17,FALSE,Bd_midi_-1_T44,1,Unknown,SYBR,24.67561,0.9779096855450920,,Amp,FALSE,0,0,73.12644,,,,,
A18,FALSE,Bd_midi_-2_T44,1,Unknown,SYBR,26.794533,0.9477360302295990,,Amp,FALSE,0,0,73.23863,,,,,
A19,FALSE,0,1,Unknown,SYBR,Undetermined,0,,No Amp,FALSE,0,0,89.50595,,,,,
A20,FALSE,0,1,Unknown,SYBR,Undetermined,0,,No Amp,FALSE,0,0,89.842514,,,,,
A21,FALSE,0,1,Unknown,SYBR,Undetermined,0,,No Amp,FALSE,0,0,60.0003,,,,,
A22,FALSE,Bd_pel_1_T24,1,Unknown,SYBR,32.710377,0.9391675011136430,,Amp,FALSE,0,0,73.79976,89.843025,,,,
A23,FALSE,Bd_pel_2_T24,1,Unknown,SYBR,39.561977,0,,No Amp,FALSE,0,0,62.244118,,,,,
A24,FALSE,Bd_pel_3_T24,1,Unknown,SYBR,Undetermined,0,,No Amp,FALSE,0,0,60.112495,,,,,
B1,FALSE,media_1_T12,1,Unknown,SYBR,Undetermined,0,,No Amp,FALSE,0,0,60.0004,,,,,
B2,FALSE,media_2_T12,1,Unknown,SYBR,Undetermined,0,,No Amp,FALSE,0,0,60.0004,,,,,
B3,FALSE,media_3_T12,1,Unknown,SYBR,Undetermined,0,,No Amp,FALSE,0,0,60.0004,,,,,
B4,FALSE,Bd_pel_1_T44,1,Unknown,SYBR,Undetermined,0,,No Amp,FALSE,0,0,60.0004,,,,,
B5,FALSE,Bd_pel_2_T44,1,Unknown,SYBR,Undetermined,0,,No Amp,FALSE,0,0,60.0002,,,,,
B6,FALSE,Bd_pel_3_T44,1,Unknown,SYBR,Undetermined,0,,No Amp,FALSE,0,0,60.0002,,,,,
B7,FALSE,Bd_sup_1_T44,1,Unknown,SYBR,Undetermined,0,,No Amp,FALSE,0,0,60.0002,,,,,
B8,FALSE,Bd_sup_2_T44,1,Unknown,SYBR,Undetermined,0,,No Amp,FALSE,0,0,60.0002,,,,,
B9,FALSE,Bd_sup_3_T44,1,Unknown,SYBR,32.471733,0.9677184039993320,,Amp,FALSE,0,0,73.57318,89.05266,,,,
B10,FALSE,Bd_pel_1_T0,1,Unknown,SYBR,32.172867,0.9902881476664920,,Amp,FALSE,0,0,73.23667,64.487404,,,,
B11,FALSE,Bd_pel_2_T0,1,Unknown,SYBR,Undetermined,0,,No Amp,FALSE,0,0,61.122303,,,,,
B12,FALSE,Bd_pel_3_T0,1,Unknown,SYBR,Undetermined,0,,No Amp,FALSE,0,0,60.000603,,,,,
B13,FALSE,media_1_T36,1,Unknown,SYBR,Undetermined,0,,No Amp,FALSE,0,0,60.0002,,,,,
B14,FALSE,media_2_T36,1,Unknown,SYBR,Undetermined,0,,No Amp,FALSE,0,0,60.224525,,,,,
B15,FALSE,media_3_T36,1,Unknown,SYBR,Undetermined,0,,No Amp,FALSE,0,0,60.112362,,,,,
B16,FALSE,Bd_midi_T44,1,Unknown,SYBR,26.985418,0.4963471296812180,,Amp,FALSE,0,0,72.786964,81.08715,,,,
B17,FALSE,Bd_midi_-1_T44,1,Unknown,SYBR,24.09263,0.891545510040502,,Amp,FALSE,0,0,73.12644,,,,,
B18,FALSE,Bd_midi_-2_T44,1,Unknown,SYBR,26.261637,0.983963696091536,,Amp,FALSE,0,0,73.23863,,,,,
B19,FALSE,0,1,Unknown,SYBR,Undetermined,0,,No Amp,FALSE,0,0,90.066895,,,,,
B20,FALSE,0,1,Unknown,SYBR,32.69377,0.9861823345515400,,Amp,FALSE,0,0,75.145836,,,,,
B21,FALSE,0,1,Unknown,SYBR,33.97316,0.9773977222498480,,Amp,FALSE,0,0,73.2388,,,,,
B22,FALSE,Bd_pel_1_T24,1,Unknown,SYBR,Undetermined,0,,No Amp,FALSE,0,0,60.0003,,,,,
B23,FALSE,Bd_pel_2_T24,1,Unknown,SYBR,Undetermined,0,,No Amp,FALSE,0,0,62.4685,,,,,
B24,FALSE,Bd_pel_3_T24,1,Unknown,SYBR,32.01874,0.9320997943818840,,Amp,FALSE,0,0,73.57538,,,,,
C1,FALSE,Bd_P_dnase_1_T12,1,Unknown,SYBR,30.059965,0.9675146994449720,,Amp,FALSE,0,0,73.462006,,,,,
C2,FALSE,Bd_P_dnase_2_T12,1,Unknown,SYBR,32.293224,0.6591488314195810,,No Amp,FALSE,0,0,73.57419,,,,,
C3,FALSE,Bd_P_dnase_3_T12,1,Unknown,SYBR,Undetermined,0,,No Amp,FALSE,0,0,60.0004,,,,,
C4,FALSE,media_P_dnase_1_T12,1,Unknown,SYBR,29.046768,0.9914483880921570,,Amp,FALSE,0,0,73.68637,,,,,
C5,FALSE,media_P_dnase_2_T12,1,Unknown,SYBR,29.333595,0.994511017091815,,Amp,FALSE,0,0,73.68491,,,,,
C6,FALSE,media_P_dnase_3_T12,1,Unknown,SYBR,29.451647,0.9843782139477090,,Amp,FALSE,0,0,73.68491,,,,,
C7,FALSE,media_P_1_T12,1,Unknown,SYBR,26.359865,0.8947471027621700,,Amp,FALSE,0,0,73.68491,,,,,
C8,FALSE,media_P_2_T12,1,Unknown,SYBR,26.52832,0.9613054690972050,,Amp,FALSE,0,0,73.57274,,,,,
C9,FALSE,media_P_3_T12,1,Unknown,SYBR,26.317377,0.9197842265429020,,Amp,FALSE,0,0,73.57318,,,,,
C10,FALSE,Bd_sup_1_T0,1,Unknown,SYBR,33.222305,0.9774097360398310,,Amp,FALSE,0,0,74.2462,,,,,
C11,FALSE,Bd_sup_2_T0,1,Unknown,SYBR,38.36711,0.7994799418633680,,No Amp,FALSE,0,0,73.124504,,,,,
C12,FALSE,Bd_sup_3_T0,1,Unknown,SYBR,Undetermined,0,,No Amp,FALSE,0,0,60.337112,,,,,
C13,FALSE,Bd_P_dnase_1_T36,1,Unknown,SYBR,Undetermined,0,,No Amp,FALSE,0,0,60.0002,,,,,
C14,FALSE,Bd_P_dnase_2_T36,1,Unknown,SYBR,19.95525,0,,Amp,FALSE,0,0,73.45995,,,,,
C15,FALSE,Bd_P_dnase_3_T36,1,Unknown,SYBR,24.445135,0.10947824879669900,,Amp,FALSE,0,0,73.45995,,,,,
C16,FALSE,media_P_dnase_1_T36,1,Unknown,SYBR,29.852789,0.982130003788406,,Amp,FALSE,0,0,73.68428,,,,,
C17,FALSE,media_P_dnase_2_T36,1,Unknown,SYBR,29.004232,0.9891844533457380,,Amp,FALSE,0,0,73.575195,,,,,
C18,FALSE,media_P_dnase_3_T36,1,Unknown,SYBR,29.592651,0.9784783287714390,,Amp,FALSE,0,0,73.687386,,,,,
C19,FALSE,media_P_1_T36,1,Unknown,SYBR,25.510574,0.9534972732979820,,Amp,FALSE,0,0,73.46301,,,,,
C20,FALSE,media_P_2_T36,1,Unknown,SYBR,25.655138,0.8038846836676320,,Amp,FALSE,0,0,73.687386,,,,,
C21,FALSE,media_P_3_T36,1,Unknown,SYBR,25.018225,0.7798417909847300,,Amp,FALSE,0,0,73.68756,,,,,
C22,FALSE,Bd_sup_1_T24,1,Unknown,SYBR,31.043169,0.9805884734045910,,Amp,FALSE,0,0,73.46318,,,,,
C23,FALSE,Bd_sup_2_T24,1,Unknown,SYBR,Undetermined,0,,No Amp,FALSE,0,0,60.0003,,,,,
C24,FALSE,Bd_sup_3_T24,1,Unknown,SYBR,Undetermined,0,,No Amp,FALSE,0,0,60.0003,,,,,
D1,FALSE,Bd_P_dnase_1_T12,1,Unknown,SYBR,29.791498,0.9584917876598350,,Amp,FALSE,0,0,73.34982,,,,,
D2,FALSE,Bd_P_dnase_2_T12,1,Unknown,SYBR,32.263107,0.4536844103223910,,No Amp,FALSE,0,0,73.57419,,,,,
D3,FALSE,Bd_P_dnase_3_T12,1,Unknown,SYBR,Undetermined,0,,No Amp,FALSE,0,0,60.224762,,,,,
D4,FALSE,media_P_dnase_1_T12,1,Unknown,SYBR,28.599903,0.9849041816848070,,Amp,FALSE,0,0,73.57419,,,,,
D5,FALSE,media_P_dnase_2_T12,1,Unknown,SYBR,28.56196,0.989417707668643,,Amp,FALSE,0,0,73.68491,,,,,
D6,FALSE,media_P_dnase_3_T12,1,Unknown,SYBR,28.916903,0.9888457663070090,,Amp,FALSE,0,0,73.68491,,,,,
D7,FALSE,media_P_1_T12,1,Unknown,SYBR,26.37352,0.8747650268505690,,Amp,FALSE,0,0,73.57274,,,,,
D8,FALSE,media_P_2_T12,1,Unknown,SYBR,26.248182,0.8972175688354230,,Amp,FALSE,0,0,73.57274,,,,,
D9,FALSE,media_P_3_T12,1,Unknown,SYBR,26.262129,0.855163011472385,,Amp,FALSE,0,0,73.57318,,,,,
D10,FALSE,Bd_sup_1_T0,1,Unknown,SYBR,Undetermined,0,,No Amp,FALSE,0,0,60.000603,,,,,
D11,FALSE,Bd_sup_2_T0,1,Unknown,SYBR,Undetermined,0,,No Amp,FALSE,0,0,60.000603,,,,,
D12,FALSE,Bd_sup_3_T0,1,Unknown,SYBR,Undetermined,0,,No Amp,FALSE,0,0,60.000603,,,,,
D13,FALSE,Bd_P_dnase_1_T36,1,Unknown,SYBR,Undetermined,0,,No Amp,FALSE,0,0,60.0002,,,,,
D14,FALSE,Bd_P_dnase_2_T36,1,Unknown,SYBR,20.53108,0,,Amp,FALSE,0,0,73.34779,,,,,
D15,FALSE,Bd_P_dnase_3_T36,1,Unknown,SYBR,19.584244,0,,Amp,FALSE,0,0,73.45995,,,,,
D16,FALSE,media_P_dnase_1_T36,1,Unknown,SYBR,30.121397,0.9815857361379860,,Amp,FALSE,0,0,73.68428,,,,,
D17,FALSE,media_P_dnase_2_T36,1,Unknown,SYBR,28.991043,0.9879669534105940,,Amp,FALSE,0,0,73.575195,,,,,
D18,FALSE,media_P_dnase_3_T36,1,Unknown,SYBR,29.150358,0.9893954448850710,,Amp,FALSE,0,0,73.575195,,,,,
D19,FALSE,media_P_1_T36,1,Unknown,SYBR,24.87794,0.7402031362190210,,Amp,FALSE,0,0,73.46301,,,,,
D20,FALSE,media_P_2_T36,1,Unknown,SYBR,25.805817,0.8902987967928400,,Amp,FALSE,0,0,73.575195,,,,,
D21,FALSE,media_P_3_T36,1,Unknown,SYBR,25.641607,0.9577994101300610,,Amp,FALSE,0,0,73.68756,,,,,
D22,FALSE,Bd_sup_1_T24,1,Unknown,SYBR,9.586909,0.09347412806854320,,No Amp,FALSE,0,0,60.0003,,,,,
D23,FALSE,Bd_sup_2_T24,1,Unknown,SYBR,Undetermined,0,,No Amp,FALSE,0,0,60.0003,,,,,
D24,FALSE,Bd_sup_3_T24,1,Unknown,SYBR,Undetermined,0,,No Amp,FALSE,0,0,60.0003,,,,,
E1,FALSE,Bd_nanopore_1_T12,1,Unknown,SYBR,Undetermined,0,,No Amp,FALSE,0,0,60.0004,,,,,
E2,FALSE,Bd_nanopore_2_T12,1,Unknown,SYBR,Undetermined,0,,No Amp,FALSE,0,0,60.0004,,,,,
E3,FALSE,Bd_nanopore_3_T12,1,Unknown,SYBR,32.231014,0.9187645956765370,,Amp,FALSE,0,0,73.57419,,,,,
E4,FALSE,Bd_nanopore_4_T12,1,Unknown,SYBR,Undetermined,0,,No Amp,FALSE,0,0,60.0004,,,,,
E5,FALSE,Bd_nanopore_5_T12,1,Unknown,SYBR,Undetermined,0,,No Amp,FALSE,0,0,60.0002,,,,,
E6,FALSE,Bd_sup_pel_1_T12,1,Unknown,SYBR,32.121758,0.9291304824475080,,Amp,FALSE,0,0,70.20765,73.12406,64.8235,89.500854,,
E7,FALSE,Bd_sup_pel_2_T12,1,Unknown,SYBR,Undetermined,0,,No Amp,FALSE,0,0,60.0002,,,,,
E8,FALSE,Bd_sup_pel_3_T12,1,Unknown,SYBR,Undetermined,0,,No Amp,FALSE,0,0,60.0002,,,,,
E9,FALSE,0,1,Unknown,SYBR,Undetermined,0,,No Amp,FALSE,0,0,89.72568,,,,,
E10,FALSE,Bd_P__pel_1_T0,1,Unknown,SYBR,31.338448,0.9886446935182630,,Amp,FALSE,0,0,73.79752,,,,,
E11,FALSE,Bd_P__pel_2_T0,1,Unknown,SYBR,Undetermined,0,,No Amp,FALSE,0,0,60.000603,,,,,
E12,FALSE,Bd_P__pel_3_T0,1,Unknown,SYBR,31.55939,0.9862232326757160,,Amp,FALSE,0,0,73.23667,,,,,
E13,FALSE,Bd_nanopore_1_T36,1,Unknown,SYBR,33.529922,0.8255524305003040,,Amp,FALSE,0,0,73.68428,,,,,
E14,FALSE,Bd_nanopore_2_T36,1,Unknown,SYBR,Undetermined,0,,No Amp,FALSE,0,0,60.0002,,,,,
E15,FALSE,Bd_nanopore_3_T36,1,Unknown,SYBR,Undetermined,0,,No Amp,FALSE,0,0,60.0002,,,,,
E16,FALSE,Bd_nanopore_4_T36,1,Unknown,SYBR,Undetermined,0,,No Amp,FALSE,0,0,60.0002,,,,,
E17,FALSE,Bd_nanopore_5_T36,1,Unknown,SYBR,Undetermined,0,,No Amp,FALSE,0,0,60.0004,,,,,
E18,FALSE,Bd_sup_pel_1_T36,1,Unknown,SYBR,Undetermined,0,,No Amp,FALSE,0,0,60.0004,,,,,
E19,FALSE,Bd_sup_pel_2_T36,1,Unknown,SYBR,31.648664,0.8588921299135630,,Amp,FALSE,0,0,73.01425,,,,,
E20,FALSE,Bd_sup_pel_3_T36,1,Unknown,SYBR,34.299656,0.7758625498661470,,Inconclusive,FALSE,0,0,74.02396,,,,,
E21,FALSE,0,1,Unknown,SYBR,Undetermined,0,,No Amp,FALSE,0,0,89.843025,,,,,
E22,FALSE,Bd_P__pel_1_T24,1,Unknown,SYBR,27.844513,0.7490264395522680,,Amp,FALSE,0,0,73.46318,,,,,
E23,FALSE,Bd_P__pel_2_T24,1,Unknown,SYBR,29.08546,0.9446575827105790,,Amp,FALSE,0,0,73.46318,,,,,
E24,FALSE,Bd_P__pel_3_T24,1,Unknown,SYBR,26.462795,0.321747958674884,,Amp,FALSE,0,0,73.57538,,,,,
F1,FALSE,Bd_nanopore_1_T12,1,Unknown,SYBR,Undetermined,0,,No Amp,FALSE,0,0,60.0004,,,,,
F2,FALSE,Bd_nanopore_2_T12,1,Unknown,SYBR,Undetermined,0,,No Amp,FALSE,0,0,60.0004,,,,,
F3,FALSE,Bd_nanopore_3_T12,1,Unknown,SYBR,Undetermined,0,,No Amp,FALSE,0,0,60.0004,,,,,
F4,FALSE,Bd_nanopore_4_T12,1,Unknown,SYBR,Undetermined,0,,No Amp,FALSE,0,0,60.0004,,,,,
F5,FALSE,Bd_nanopore_5_T12,1,Unknown,SYBR,Undetermined,0,,No Amp,FALSE,0,0,60.0002,,,,,
F6,FALSE,Bd_sup_pel_1_T12,1,Unknown,SYBR,30.875149,0.9565096727813480,,Amp,FALSE,0,0,74.69444,,,,,
F7,FALSE,Bd_sup_pel_2_T12,1,Unknown,SYBR,Undetermined,0,,No Amp,FALSE,0,0,60.0002,,,,,
F8,FALSE,Bd_sup_pel_3_T12,1,Unknown,SYBR,36.77733,0.8121952321223400,,Inconclusive,FALSE,0,0,71.55369,,,,,
F9,FALSE,0,1,Unknown,SYBR,37.584545,0.9024810757051640,,Inconclusive,FALSE,0,0,73.124504,,,,,
F10,FALSE,Bd_P__pel_1_T0,1,Unknown,SYBR,Undetermined,0,,No Amp,FALSE,0,0,60.000603,,,,,
F11,FALSE,Bd_P__pel_2_T0,1,Unknown,SYBR,30.788975,0.9920638454729920,,Amp,FALSE,0,0,73.46101,77.16263,69.87157,62.80485,,
F12,FALSE,Bd_P__pel_3_T0,1,Unknown,SYBR,32.271095,0.990101782199009,,Amp,FALSE,0,0,73.57318,,,,,
F13,FALSE,Bd_nanopore_1_T36,1,Unknown,SYBR,32.213345,0.9323704832330750,,Amp,FALSE,0,0,72.89913,,,,,
F14,FALSE,Bd_nanopore_2_T36,1,Unknown,SYBR,Undetermined,0,,No Amp,FALSE,0,0,60.0002,,,,,
F15,FALSE,Bd_nanopore_3_T36,1,Unknown,SYBR,Undetermined,0,,No Amp,FALSE,0,0,60.0002,,,,,
F16,FALSE,Bd_nanopore_4_T36,1,Unknown,SYBR,Undetermined,0,,No Amp,FALSE,0,0,60.0002,,,,,
F17,FALSE,Bd_nanopore_5_T36,1,Unknown,SYBR,32.669598,0.9259193211935270,,Amp,FALSE,0,0,74.4727,,,,,
F18,FALSE,Bd_sup_pel_1_T36,1,Unknown,SYBR,Undetermined,0,,No Amp,FALSE,0,0,60.0004,,,,,
F19,FALSE,Bd_sup_pel_2_T36,1,Unknown,SYBR,Undetermined,0,,No Amp,FALSE,0,0,60.0004,,,,,
F20,FALSE,Bd_sup_pel_3_T36,1,Unknown,SYBR,31.455921,0.9309377984337310,,Amp,FALSE,0,0,72.90207,,,,,
F21,FALSE,0,1,Unknown,SYBR,33.270176,0.9770574396127710,,Amp,FALSE,0,0,73.01442,,,,,
F22,FALSE,Bd_P__pel_1_T24,1,Unknown,SYBR,25.346552,0.21079558743096900,,Amp,FALSE,0,0,73.46318,,,,,
F23,FALSE,Bd_P__pel_2_T24,1,Unknown,SYBR,27.435148,0.56791440274201,,Amp,FALSE,0,0,73.46318,,,,,
F24,FALSE,Bd_P__pel_3_T24,1,Unknown,SYBR,26.41178,0.341577011067082,,Amp,FALSE,0,0,73.46318,,,,,
G1,FALSE,Bd_P__nanopore_1_T12,1,Unknown,SYBR,25.700293,0.8169781144457630,,Amp,FALSE,0,0,73.34982,,,,,
G2,FALSE,Bd_P__nanopore_2_T12,1,Unknown,SYBR,25.11822,0.7212693609175260,,Amp,FALSE,0,0,73.34982,,,,,
G3,FALSE,Bd_P__nanopore_3_T12,1,Unknown,SYBR,25.283798,0.7276445980912170,,Amp,FALSE,0,0,73.34982,,,,,
G4,FALSE,Bd_P__nanopore_4_T12,1,Unknown,SYBR,24.808323,0.6063786347719380,,Amp,FALSE,0,0,73.34982,,,,,
G5,FALSE,Bd_P__nanopore_5_T12,1,Unknown,SYBR,25.612492,0.7968661029483630,,Amp,FALSE,0,0,73.348404,,,,,
G6,FALSE,Bd_sup_pel_P_1_T12,1,Unknown,SYBR,25.550076,0.8374372319971920,,Amp,FALSE,0,0,73.348404,,,,,
G7,FALSE,Bd_sup_pel_P_2_T12,1,Unknown,SYBR,25.000616,0.680910549252685,,Amp,FALSE,0,0,73.348404,,,,,
G8,FALSE,Bd_sup_pel_P_3_T12,1,Unknown,SYBR,24.226782,0.43426116808524700,,Amp,FALSE,0,0,73.348404,,,,,
G9,FALSE,0,1,Unknown,SYBR,Undetermined,0,,No Amp,FALSE,0,0,89.837845,,,,,
G10,FALSE,Bd_P__sup_1_T0,1,Unknown,SYBR,25.123892,0.7131708324502880,,Amp,FALSE,0,0,73.57318,,,,,
G11,FALSE,Bd_P__sup_2_T0,1,Unknown,SYBR,25.981062,0.9144961199244490,,Amp,FALSE,0,0,73.57318,,,,,
G12,FALSE,Bd_P__sup_3_T0,1,Unknown,SYBR,25.402786,0.8688742187241490,,Amp,FALSE,0,0,73.46101,,,,,
G13,FALSE,Bd_P__nanopore_1_T36,1,Unknown,SYBR,20.76189,0,,Amp,FALSE,0,0,73.23563,,,,,
G14,FALSE,Bd_P__nanopore_2_T36,1,Unknown,SYBR,18.260872,0,,Amp,FALSE,0,0,73.23563,,,,,
G15,FALSE,Bd_P__nanopore_3_T36,1,Unknown,SYBR,23.480928,0.2848432757814980,,Amp,FALSE,0,0,73.23563,,,,,
G16,FALSE,Bd_P__nanopore_4_T36,1,Unknown,SYBR,25.744038,0.7014393561939260,,Amp,FALSE,0,0,73.23563,,,,,
G17,FALSE,Bd_P__nanopore_5_T36,1,Unknown,SYBR,25.274836,0.7427792460066820,,Amp,FALSE,0,0,73.23863,,,,,
G18,FALSE,Bd_sup_pel_P_1_T36,1,Unknown,SYBR,23.91464,0.40683277627562300,,Amp,FALSE,0,0,73.23863,,,,,
G19,FALSE,Bd_sup_pel_P_2_T36,1,Unknown,SYBR,24.03294,0.4225971589327940,,Amp,FALSE,0,0,73.23863,,,,,
G20,FALSE,Bd_sup_pel_P_3_T36,1,Unknown,SYBR,20.985596,0,,Amp,FALSE,0,0,73.35082,,,,,
G21,FALSE,water,1,Unknown,SYBR,32.70111,0.9801290849312400,,Amp,FALSE,0,0,73.2388,,,,,
G22,FALSE,Bd_P__sup_1_T24,1,Unknown,SYBR,25.70055,0.9839617098719300,,Amp,FALSE,0,0,73.46318,,,,,
G23,FALSE,Bd_P__sup_2_T24,1,Unknown,SYBR,25.956165,0.9884513033945660,,Amp,FALSE,0,0,73.46318,,,,,
G24,FALSE,Bd_P__sup_3_T24,1,Unknown,SYBR,25.494284,0.9798035199216440,,Amp,FALSE,0,0,73.46318,,,,,
H1,FALSE,Bd_P__nanopore_1_T12,1,Unknown,SYBR,24.41149,0.5458216864599770,,Amp,FALSE,0,0,73.34982,,,,,
H2,FALSE,Bd_P__nanopore_2_T12,1,Unknown,SYBR,25.494377,0.7742502335772440,,Amp,FALSE,0,0,73.34982,,,,,
H3,FALSE,Bd_P__nanopore_3_T12,1,Unknown,SYBR,25.632248,0.8013849194161480,,Amp,FALSE,0,0,73.34982,,,,,
H4,FALSE,Bd_P__nanopore_4_T12,1,Unknown,SYBR,25.60595,0.8088316499155110,,Amp,FALSE,0,0,73.34982,,,,,
H5,FALSE,Bd_P__nanopore_5_T12,1,Unknown,SYBR,25.529594,0.7713154518569790,,Amp,FALSE,0,0,73.348404,,,,,
H6,FALSE,Bd_sup_pel_P_1_T12,1,Unknown,SYBR,26.063139,0.9343956923361450,,Amp,FALSE,0,0,73.348404,,,,,
H7,FALSE,Bd_sup_pel_P_2_T12,1,Unknown,SYBR,25.06935,0.6840559533893160,,Amp,FALSE,0,0,73.348404,,,,,
H8,FALSE,Bd_sup_pel_P_3_T12,1,Unknown,SYBR,25.455559,0.7198295509904270,,Amp,FALSE,0,0,73.348404,,,,,
H9,FALSE,0,1,Unknown,SYBR,32.04889,0.986676818533598,,Amp,FALSE,0,0,73.01233,,,,,
H10,FALSE,Bd_P__sup_1_T0,1,Unknown,SYBR,25.46026,0.8355580693916480,,Amp,FALSE,0,0,73.57318,,,,,
H11,FALSE,Bd_P__sup_2_T0,1,Unknown,SYBR,25.667206,0.8250301749458450,,Amp,FALSE,0,0,73.57318,,,,,
H12,FALSE,Bd_P__sup_3_T0,1,Unknown,SYBR,25.219952,0.7893439704408720,,Amp,FALSE,0,0,73.46101,,,,,
H13,FALSE,Bd_P__nanopore_1_T36,1,Unknown,SYBR,19.39018,0,,Amp,FALSE,0,0,73.23563,,,,,
H14,FALSE,Bd_P__nanopore_2_T36,1,Unknown,SYBR,20.149504,0,,Amp,FALSE,0,0,73.23563,,,,,
H15,FALSE,Bd_P__nanopore_3_T36,1,Unknown,SYBR,24.196804,0.4407834382415120,,Amp,FALSE,0,0,73.23563,,,,,
H16,FALSE,Bd_P__nanopore_4_T36,1,Unknown,SYBR,26.155386,0.8367743644378170,,Amp,FALSE,0,0,73.23563,,,,,
H17,FALSE,Bd_P__nanopore_5_T36,1,Unknown,SYBR,25.019064,0.6526436049023660,,Amp,FALSE,0,0,73.23863,,,,,
H18,FALSE,Bd_sup_pel_P_1_T36,1,Unknown,SYBR,24.718693,0.5938417578105520,,Amp,FALSE,0,0,73.23863,,,,,
H19,FALSE,Bd_sup_pel_P_2_T36,1,Unknown,SYBR,20.050371,0,,Amp,FALSE,0,0,73.23863,,,,,
H20,FALSE,Bd_sup_pel_P_3_T36,1,Unknown,SYBR,24.919554,0.6337976248732850,,Amp,FALSE,0,0,73.23863,,,,,
H21,FALSE,water,1,Unknown,SYBR,34.676483,0.9587750955069920,,Inconclusive,FALSE,0,0,72.56566,,,,,
H22,FALSE,Bd_P__sup_1_T24,1,Unknown,SYBR,26.101686,0.984209819022772,,Amp,FALSE,0,0,73.351,,,,,
H23,FALSE,Bd_P__sup_2_T24,1,Unknown,SYBR,25.883379,0.9904626199148380,,Amp,FALSE,0,0,73.46318,,,,,
H24,FALSE,Bd_P__sup_3_T24,1,Unknown,SYBR,26.089964,0.989372707681573,,Amp,FALSE,0,0,73.46318,,,,,
I1,FALSE,media_1_T18,1,Unknown,SYBR,Undetermined,0,,No Amp,FALSE,0,0,60.0004,,,,,
I2,FALSE,media_2_T18,1,Unknown,SYBR,Undetermined,0,,No Amp,FALSE,0,0,60.0004,,,,,
I3,FALSE,media_3_T18,1,Unknown,SYBR,Undetermined,0,,No Amp,FALSE,0,0,60.0004,,,,,
I4,FALSE,Bd_P__pel_1_T44,1,Unknown,SYBR,26.860373,0.5881348123632520,,Amp,FALSE,0,0,73.34982,,,,,
I5,FALSE,Bd_P__pel_2_T44,1,Unknown,SYBR,25.775206,0.2594220793411370,,Amp,FALSE,0,0,73.46057,,,,,
I6,FALSE,Bd_P__pel_3_T44,1,Unknown,SYBR,20.677769,0,,Amp,FALSE,0,0,73.46057,,,,,
I7,FALSE,Bd_P__sup_1_T44,1,Unknown,SYBR,25.327158,0.9608518389297290,,Amp,FALSE,0,0,73.46057,,,,,
I8,FALSE,Bd_P__sup_2_T44,1,Unknown,SYBR,25.751822,0.9537826318643460,,Amp,FALSE,0,0,73.348404,,,,,
I9,FALSE,Bd_P__sup_3_T44,1,Unknown,SYBR,25.203995,0.9924596537175260,,Amp,FALSE,0,0,73.34885,,,,,
I10,FALSE,Bd_pel_1_T12,1,Unknown,SYBR,Undetermined,0,,No Amp,FALSE,0,0,60.000603,,,,,
I11,FALSE,Bd_pel_2_T12,1,Unknown,SYBR,30.75159,0.6119721254403740,,Amp,FALSE,0,0,73.01233,,,,,
I12,FALSE,Bd_pel_3_T12,1,Unknown,SYBR,31.01002,0.7855410856707670,,Amp,FALSE,0,0,73.34885,,,,,
I13,FALSE,Bd_P_dnase_1_T24,1,Unknown,SYBR,27.710823,0.9624050952910870,,Amp,FALSE,0,0,73.12346,,,,,
I14,FALSE,Bd_P_dnase_2_T24,1,Unknown,SYBR,26.183577,0.7046505221575690,,Amp,FALSE,0,0,73.12346,,,,,
I15,FALSE,Bd_P_dnase_3_T24,1,Unknown,SYBR,Undetermined,0,,No Amp,FALSE,0,0,60.0002,,,,,
I16,FALSE,media_P_dnase_1_T24,1,Unknown,SYBR,28.487894,0.9878399142426340,,Amp,FALSE,0,0,73.57212,,,,,
I17,FALSE,media_P_dnase_2_T24,1,Unknown,SYBR,29.089453,0.9910978920902090,,Amp,FALSE,0,0,73.46301,,,,,
I18,FALSE,media_P_dnase_3_T24,1,Unknown,SYBR,28.707802,0.9829031471232780,,Amp,FALSE,0,0,73.575195,,,,,
I19,FALSE,media_P_1_T24,1,Unknown,SYBR,26.217722,0.9532567624915130,,Amp,FALSE,0,0,73.46301,,,,,
I20,FALSE,media_P_2_T24,1,Unknown,SYBR,26.190182,0.9566800727623360,,Amp,FALSE,0,0,73.46301,,,,,
I21,FALSE,media_P_3_T24,1,Unknown,SYBR,26.149319,0.8915057811728330,,Amp,FALSE,0,0,73.57538,,,,,
I22,FALSE,Bd_pel_1_T36,1,Unknown,SYBR,28.545128,0.11738110164592500,,Amp,FALSE,0,0,74.02414,,,,,
I23,FALSE,Bd_pel_2_T36,1,Unknown,SYBR,Undetermined,0,,No Amp,FALSE,0,0,60.449066,,,,,
I24,FALSE,Bd_pel_3_T36,1,Unknown,SYBR,28.520987,0.16595202044741000,,Amp,FALSE,0,0,70.209656,89.39426,65.04888,73.12661,,
J1,FALSE,media_1_T18,1,Unknown,SYBR,Undetermined,0,,No Amp,FALSE,0,0,60.0004,,,,,
J2,FALSE,media_2_T18,1,Unknown,SYBR,Undetermined,0,,No Amp,FALSE,0,0,60.0004,,,,,
J3,FALSE,media_3_T18,1,Unknown,SYBR,33.942867,0.9803452072493980,,Amp,FALSE,0,0,73.23765,,,,,
J4,FALSE,Bd_P__pel_1_T44,1,Unknown,SYBR,26.886414,0.394823508989423,,Amp,FALSE,0,0,73.34982,,,,,
J5,FALSE,Bd_P__pel_2_T44,1,Unknown,SYBR,27.10209,0.5273324726836970,,Amp,FALSE,0,0,73.348404,,,,,
J6,FALSE,Bd_P__pel_3_T44,1,Unknown,SYBR,27.551609,0.6772981143313090,,Amp,FALSE,0,0,73.46057,,,,,
J7,FALSE,Bd_P__sup_1_T44,1,Unknown,SYBR,25.391333,0.9927435234418080,,Amp,FALSE,0,0,73.46057,,,,,
J8,FALSE,Bd_P__sup_2_T44,1,Unknown,SYBR,25.442614,0.9814799319337100,,Amp,FALSE,0,0,73.348404,,,,,
J9,FALSE,Bd_P__sup_3_T44,1,Unknown,SYBR,25.226297,0.9915454696709870,,Amp,FALSE,0,0,73.34885,,,,,
J10,FALSE,Bd_pel_1_T12,1,Unknown,SYBR,34.0915,0.7028171350673430,,Inconclusive,FALSE,0,0,77.05045,89.837845,,,,
J11,FALSE,Bd_pel_2_T12,1,Unknown,SYBR,Undetermined,0,,No Amp,FALSE,0,0,60.000603,,,,,
J12,FALSE,Bd_pel_3_T12,1,Unknown,SYBR,Undetermined,0,,No Amp,FALSE,0,0,60.44928,,,,,
J13,FALSE,Bd_P_dnase_1_T24,1,Unknown,SYBR,26.716042,0.7789540555726140,,Amp,FALSE,0,0,73.23563,,,,,
J14,FALSE,Bd_P_dnase_2_T24,1,Unknown,SYBR,26.529425,0.8312457671120550,,Amp,FALSE,0,0,73.23563,,,,,
J15,FALSE,Bd_P_dnase_3_T24,1,Unknown,SYBR,Undetermined,0,,No Amp,FALSE,0,0,60.0002,,,,,
J16,FALSE,media_P_dnase_1_T24,1,Unknown,SYBR,27.971243,0.9927239674837910,,Amp,FALSE,0,0,73.45995,,,,,
J17,FALSE,media_P_dnase_2_T24,1,Unknown,SYBR,28.29075,0.9902727564062820,,Amp,FALSE,0,0,73.575195,,,,,
J18,FALSE,media_P_dnase_3_T24,1,Unknown,SYBR,28.612444,0.9855664360256480,,Amp,FALSE,0,0,73.575195,,,,,
J19,FALSE,media_P_1_T24,1,Unknown,SYBR,26.19531,0.9606321931159450,,Amp,FALSE,0,0,73.46301,,,,,
J20,FALSE,media_P_2_T24,1,Unknown,SYBR,26.336023,0.9776869821770840,,Amp,FALSE,0,0,73.46301,,,,,
J21,FALSE,media_P_3_T24,1,Unknown,SYBR,25.979654,0.8575544488168410,,Amp,FALSE,0,0,73.57538,,,,,
J22,FALSE,Bd_pel_1_T36,1,Unknown,SYBR,29.20104,0.2710886761090020,,Amp,FALSE,0,0,73.01442,75.5948,89.955215,64.26355,,
J23,FALSE,Bd_pel_2_T36,1,Unknown,SYBR,30.422554,0.7890308259938490,,Amp,FALSE,0,0,73.12661,64.71231,70.097466,,,
J24,FALSE,Bd_pel_3_T36,1,Unknown,SYBR,Undetermined,0,,No Amp,FALSE,0,0,60.0003,,,,,
K1,FALSE,Bd_P_dnase_1_T18,1,Unknown,SYBR,29.919624,0.8219261390416300,,Amp,FALSE,0,0,73.23765,,,,,
K2,FALSE,Bd_P_dnase_2_T18,1,Unknown,SYBR,Undetermined,0,,No Amp,FALSE,0,0,60.0004,,,,,
K3,FALSE,Bd_P_dnase_3_T18,1,Unknown,SYBR,28.159842,0.9293975998371390,,Amp,FALSE,0,0,73.34982,,,,,
K4,FALSE,media_P_dnase_1_T18,1,Unknown,SYBR,27.899683,0.9917767260002880,,Amp,FALSE,0,0,73.57419,,,,,
K5,FALSE,media_P_dnase_2_T18,1,Unknown,SYBR,28.506866,0.9891801392865220,,Amp,FALSE,0,0,73.57274,,,,,
K6,FALSE,media_P_dnase_3_T18,1,Unknown,SYBR,28.298496,0.9885635642273320,,Amp,FALSE,0,0,73.57274,,,,,
K7,FALSE,media_P_1_T18,1,Unknown,SYBR,25.749226,0.8648207135963030,,Amp,FALSE,0,0,73.57274,,,,,
K8,FALSE,media_P_2_T18,1,Unknown,SYBR,25.699444,0.8961172984688300,,Amp,FALSE,0,0,73.46057,,,,,
K9,FALSE,media_P_3_T18,1,Unknown,SYBR,25.842,0.9175271729508020,,Amp,FALSE,0,0,73.46101,,,,,
K10,FALSE,Bd_sup_1_T12,1,Unknown,SYBR,32.543217,0.9864697574547600,,Amp,FALSE,0,0,75.48007,72.90016,63.926556,,,
K11,FALSE,Bd_sup_2_T12,1,Unknown,SYBR,33.49557,0.9773057981350720,,Amp,FALSE,0,0,74.694885,,,,,
K12,FALSE,Bd_sup_3_T12,1,Unknown,SYBR,Undetermined,0,,No Amp,FALSE,0,0,60.000603,,,,,
K13,FALSE,Bd_nanopore_1_T24,1,Unknown,SYBR,Undetermined,0,,No Amp,FALSE,0,0,60.0002,,,,,
K14,FALSE,Bd_nanopore_2_T24,1,Unknown,SYBR,34.98558,0.8378885051883480,,Amp,FALSE,0,0,72.56264,,,,,
K15,FALSE,Bd_nanopore_3_T24,1,Unknown,SYBR,32.759487,0.9183194662632520,,Amp,FALSE,0,0,69.98285,,,,,
K16,FALSE,Bd_nanopore_4_T24,1,Unknown,SYBR,33.812607,0.9326866467477540,,Amp,FALSE,0,0,73.01129,,,,,
K17,FALSE,Bd_nanopore_5_T24,1,Unknown,SYBR,33.56572,0.918808415747403,,Amp,FALSE,0,0,73.12644,,,,,
K18,FALSE,Bd_sup_pel_1_T24,1,Unknown,SYBR,33.141376,0.9175345112458820,,Amp,FALSE,0,0,73.01425,,,,,
K19,FALSE,Bd_sup_pel_2_T24,1,Unknown,SYBR,32.63373,0.950015388962507,,Amp,FALSE,0,0,75.258026,,,,,
K20,FALSE,Bd_sup_pel_3_T24,1,Unknown,SYBR,36.302948,0.8418144957496760,,No Amp,FALSE,0,0,72.67769,,,,,
K21,FALSE,std_-12,1,Unknown,SYBR,Undetermined,0,,No Amp,FALSE,0,0,89.843025,,,,,
K22,FALSE,Bd_sup_1_T36,1,Unknown,SYBR,35.780655,0.9289776183255500,,Amp,FALSE,0,0,73.351,,,,,
K23,FALSE,Bd_sup_2_T36,1,Unknown,SYBR,Undetermined,0,,No Amp,FALSE,0,0,60.0003,,,,,
K24,FALSE,Bd_sup_3_T36,1,Unknown,SYBR,Undetermined,0,,No Amp,FALSE,0,0,61.010017,,,,,
L1,FALSE,Bd_P_dnase_1_T18,1,Unknown,SYBR,28.044888,0.9541395497100160,,Amp,FALSE,0,0,73.34982,,,,,
L2,FALSE,Bd_P_dnase_2_T18,1,Unknown,SYBR,Undetermined,0,,No Amp,FALSE,0,0,60.0004,,,,,
L3,FALSE,Bd_P_dnase_3_T18,1,Unknown,SYBR,28.16149,0.9474889394350530,,Amp,FALSE,0,0,73.34982,,,,,
L4,FALSE,media_P_dnase_1_T18,1,Unknown,SYBR,28.632683,0.9900769691299060,,Amp,FALSE,0,0,73.57419,,,,,
L5,FALSE,media_P_dnase_2_T18,1,Unknown,SYBR,28.489199,0.9864448663124550,,Amp,FALSE,0,0,73.57274,,,,,
L6,FALSE,media_P_dnase_3_T18,1,Unknown,SYBR,28.703232,0.9869391785799770,,Amp,FALSE,0,0,73.57274,,,,,
L7,FALSE,media_P_1_T18,1,Unknown,SYBR,26.01384,0.9451356790119560,,Amp,FALSE,0,0,73.57274,,,,,
L8,FALSE,media_P_2_T18,1,Unknown,SYBR,26.31681,0.9945648366947280,,Amp,FALSE,0,0,73.46057,,,,,
L9,FALSE,media_P_3_T18,1,Unknown,SYBR,26.250368,0.9677727129303640,,Amp,FALSE,0,0,73.46101,,,,,
L10,FALSE,Bd_sup_1_T12,1,Unknown,SYBR,34.57557,0.9890790683976080,,Amp,FALSE,0,0,72.787994,,,,,
L11,FALSE,Bd_sup_2_T12,1,Unknown,SYBR,33.56921,0.9841376851032100,,Amp,FALSE,0,0,75.59224,,,,,
L12,FALSE,Bd_sup_3_T12,1,Unknown,SYBR,32.85405,0.9885881857365930,,Amp,FALSE,0,0,73.01233,,,,,
L13,FALSE,Bd_nanopore_1_T24,1,Unknown,SYBR,37.34464,0.8591833331857790,,No Amp,FALSE,0,0,73.57212,,,,,
L14,FALSE,Bd_nanopore_2_T24,1,Unknown,SYBR,Undetermined,0,,No Amp,FALSE,0,0,60.0002,,,,,
L15,FALSE,Bd_nanopore_3_T24,1,Unknown,SYBR,32.494633,0.85330167569449,,Amp,FALSE,0,0,75.36675,,,,,
L16,FALSE,Bd_nanopore_4_T24,1,Unknown,SYBR,Undetermined,0,,No Amp,FALSE,0,0,60.0002,,,,,
L17,FALSE,Bd_nanopore_5_T24,1,Unknown,SYBR,35.510014,0.8569769092191420,,Inconclusive,FALSE,0,0,70.09736,,,,,
L18,FALSE,Bd_sup_pel_1_T24,1,Unknown,SYBR,34.41579,0.9368656251536790,,Amp,FALSE,0,0,73.01425,,,,,
L19,FALSE,Bd_sup_pel_2_T24,1,Unknown,SYBR,34.086407,0.9561771298718190,,Amp,FALSE,0,0,69.98517,,,,,
L20,FALSE,Bd_sup_pel_3_T24,1,Unknown,SYBR,Undetermined,0,,No Amp,FALSE,0,0,60.0004,,,,,
L21,FALSE,std_-12,1,Unknown,SYBR,Undetermined,0,,No Amp,FALSE,0,0,90.067406,,,,,
L22,FALSE,Bd_sup_1_T36,1,Unknown,SYBR,34.51283,0.98485325167874,,Amp,FALSE,0,0,72.79004,,,,,
L23,FALSE,Bd_sup_2_T36,1,Unknown,SYBR,32.552563,0.9720717317514290,,Amp,FALSE,0,0,75.707,,,,,
L24,FALSE,Bd_sup_3_T36,1,Unknown,SYBR,Undetermined,0,,No Amp,FALSE,0,0,60.0003,,,,,
M1,FALSE,Bd_nanopore_1_T18,1,Unknown,SYBR,32.29324,0.9183695110710600,,Amp,FALSE,0,0,73.462006,,,,,
M2,FALSE,Bd_nanopore_2_T18,1,Unknown,SYBR,31.031294,0.9080008188441590,,Amp,FALSE,0,0,73.23765,,,,,
M3,FALSE,Bd_nanopore_3_T18,1,Unknown,SYBR,Undetermined,0,,No Amp,FALSE,0,0,60.0004,,,,,
M4,FALSE,Bd_nanopore_4_T18,1,Unknown,SYBR,Undetermined,0,,No Amp,FALSE,0,0,60.0004,,,,,
M5,FALSE,Bd_nanopore_5_T18,1,Unknown,SYBR,33.73399,0.9550842289408650,,Amp,FALSE,0,0,73.57274,,,,,
M6,FALSE,Bd_sup_pel_1_T18,1,Unknown,SYBR,32.54861,0.9353967618957890,,Amp,FALSE,0,0,73.011894,,,,,
M7,FALSE,Bd_sup_pel_2_T18,1,Unknown,SYBR,33.244564,0.834030258253428,,Amp,FALSE,0,0,75.47963,,,,,
M8,FALSE,Bd_sup_pel_3_T18,1,Unknown,SYBR,Undetermined,0,,No Amp,FALSE,0,0,60.0002,,,,,
M9,FALSE,0,1,Unknown,SYBR,31.717453,0.9898942171407570,,Amp,FALSE,0,0,72.787994,,,,,
M10,FALSE,Bd_P__pel_1_T12,1,Unknown,SYBR,27.96236,0.4985046287320690,,Amp,FALSE,0,0,73.46101,,,,,
M11,FALSE,Bd_P__pel_2_T12,1,Unknown,SYBR,27.981625,0.7569675405759500,,Amp,FALSE,0,0,73.34885,,,,,
M12,FALSE,Bd_P__pel_3_T12,1,Unknown,SYBR,29.074877,0.9306986000947160,,Amp,FALSE,0,0,73.23667,,,,,
M13,FALSE,Bd_P__nanopore_1_T24,1,Unknown,SYBR,27.829035,0.9648579821890610,,Amp,FALSE,0,0,73.23563,,,,,
M14,FALSE,Bd_P__nanopore_2_T24,1,Unknown,SYBR,27.936619,0.9686283174918920,,Amp,FALSE,0,0,73.23563,,,,,
M15,FALSE,Bd_P__nanopore_3_T24,1,Unknown,SYBR,26.374018,0.8314814087051270,,Amp,FALSE,0,0,73.23563,,,,,
M16,FALSE,Bd_P__nanopore_4_T24,1,Unknown,SYBR,26.782402,0.9832030752248240,,Amp,FALSE,0,0,73.23563,,,,,
M17,FALSE,Bd_P__nanopore_5_T24,1,Unknown,SYBR,27.549149,0.9633309099159980,,Amp,FALSE,0,0,73.23863,,,,,
M18,FALSE,Bd_sup_pel_P_1_T24,1,Unknown,SYBR,26.979006,0.9030899154897500,,Amp,FALSE,0,0,73.23863,,,,,
M19,FALSE,Bd_sup_pel_P_2_T24,1,Unknown,SYBR,25.958406,0.9410297553687100,,Amp,FALSE,0,0,73.23863,,,,,
M20,FALSE,Bd_sup_pel_P_3_T24,1,Unknown,SYBR,26.55981,0.8952870163495440,,Amp,FALSE,0,0,73.35082,,,,,
M21,FALSE,std_-11,1,Unknown,SYBR,33.077545,0.9678500292827670,,Amp,FALSE,0,0,73.91195,64.03917,,,,
M22,FALSE,Bd_P__pel_1_T36,1,Unknown,SYBR,26.88201,0.5059063399592190,,Amp,FALSE,0,0,73.46318,,,,,
M23,FALSE,Bd_P__pel_2_T36,1,Unknown,SYBR,27.387457,0.5631143880221150,,Amp,FALSE,0,0,73.57538,,,,,
M24,FALSE,Bd_P__pel_3_T36,1,Unknown,SYBR,27.943008,0.6921692708256860,,Amp,FALSE,0,0,73.57538,,,,,
N1,FALSE,Bd_nanopore_1_T18,1,Unknown,SYBR,33.044018,0.9302801683012320,,Amp,FALSE,0,0,73.01329,,,,,
N2,FALSE,Bd_nanopore_2_T18,1,Unknown,SYBR,29.526533,0.9442738060256010,,Amp,FALSE,0,0,73.462006,,,,,
N3,FALSE,Bd_nanopore_3_T18,1,Unknown,SYBR,Undetermined,0,,No Amp,FALSE,0,0,60.0004,,,,,
N4,FALSE,Bd_nanopore_4_T18,1,Unknown,SYBR,Undetermined,0,,No Amp,FALSE,0,0,60.0004,,,,,
N5,FALSE,Bd_nanopore_5_T18,1,Unknown,SYBR,Undetermined,0,,No Amp,FALSE,0,0,60.0002,,,,,
N6,FALSE,Bd_sup_pel_1_T18,1,Unknown,SYBR,Undetermined,0,,No Amp,FALSE,0,0,60.0002,,,,,
N7,FALSE,Bd_sup_pel_2_T18,1,Unknown,SYBR,Undetermined,0,,No Amp,FALSE,0,0,60.0002,,,,,
N8,FALSE,Bd_sup_pel_3_T18,1,Unknown,SYBR,32.394966,0.9533296327937750,,Amp,FALSE,0,0,71.329346,,,,,
N9,FALSE,0,1,Unknown,SYBR,Undetermined,0,,No Amp,FALSE,0,0,90.174355,,,,,
N10,FALSE,Bd_P__pel_1_T12,1,Unknown,SYBR,27.340868,0.43784613470831900,,Amp,FALSE,0,0,73.34885,,,,,
N11,FALSE,Bd_P__pel_2_T12,1,Unknown,SYBR,27.868736,0.5393447524727020,,Amp,FALSE,0,0,73.34885,,,,,
N12,FALSE,Bd_P__pel_3_T12,1,Unknown,SYBR,29.40621,0.9661777526921520,,Amp,FALSE,0,0,73.23667,,,,,
N13,FALSE,Bd_P__nanopore_1_T24,1,Unknown,SYBR,27.755745,0.9629745909508840,,Amp,FALSE,0,0,73.23563,,,,,
N14,FALSE,Bd_P__nanopore_2_T24,1,Unknown,SYBR,27.68906,0.9611908449985750,,Amp,FALSE,0,0,73.23563,,,,,
N15,FALSE,Bd_P__nanopore_3_T24,1,Unknown,SYBR,26.703955,0.8737209499501820,,Amp,FALSE,0,0,73.23563,,,,,
N16,FALSE,Bd_P__nanopore_4_T24,1,Unknown,SYBR,26.569576,0.9304379901869330,,Amp,FALSE,0,0,73.23563,,,,,
N17,FALSE,Bd_P__nanopore_5_T24,1,Unknown,SYBR,27.534836,0.9713053560124910,,Amp,FALSE,0,0,73.23863,,,,,
N18,FALSE,Bd_sup_pel_P_1_T24,1,Unknown,SYBR,27.288868,0.9619002930156980,,Amp,FALSE,0,0,73.23863,,,,,
N19,FALSE,Bd_sup_pel_P_2_T24,1,Unknown,SYBR,25.855225,0.8733845196185140,,Amp,FALSE,0,0,73.23863,,,,,
N20,FALSE,Bd_sup_pel_P_3_T24,1,Unknown,SYBR,26.369942,0.844923910223078,,Amp,FALSE,0,0,73.35082,,,,,
N21,FALSE,std_-11,1,Unknown,SYBR,37.830772,0.8576522565755050,,Inconclusive,FALSE,0,0,72.67785,,,,,
N22,FALSE,Bd_P__pel_1_T36,1,Unknown,SYBR,26.677853,0.35492887651427000,,Amp,FALSE,0,0,73.57538,,,,,
N23,FALSE,Bd_P__pel_2_T36,1,Unknown,SYBR,26.527414,0.42951041986087200,,Amp,FALSE,0,0,73.57538,,,,,
N24,FALSE,Bd_P__pel_3_T36,1,Unknown,SYBR,26.82732,0.40839869023154400,,Amp,FALSE,0,0,73.57538,,,,,
O1,FALSE,Bd_P__nanopore_1_T18,1,Unknown,SYBR,26.16561,0.8747123291993530,,Amp,FALSE,0,0,73.462006,,,,,
O2,FALSE,Bd_P__nanopore_2_T18,1,Unknown,SYBR,25.699856,0.7104880341235520,,Amp,FALSE,0,0,73.34982,,,,,
O3,FALSE,Bd_P__nanopore_3_T18,1,Unknown,SYBR,25.479675,0.7721395091642810,,Amp,FALSE,0,0,73.34982,,,,,
O4,FALSE,Bd_P__nanopore_4_T18,1,Unknown,SYBR,25.384117,0.8122304216548060,,Amp,FALSE,0,0,73.34982,,,,,
O5,FALSE,Bd_P__nanopore_5_T18,1,Unknown,SYBR,25.022018,0.7006818691561050,,Amp,FALSE,0,0,73.348404,,,,,
O6,FALSE,Bd_sup_pel_P_1_T18,1,Unknown,SYBR,25.812769,0.819435557979258,,Amp,FALSE,0,0,73.348404,,,,,
O7,FALSE,Bd_sup_pel_P_2_T18,1,Unknown,SYBR,26.2475,0.9002784411128880,,Amp,FALSE,0,0,73.348404,,,,,
O8,FALSE,Bd_sup_pel_P_3_T18,1,Unknown,SYBR,26.162848,0.8584624927915840,,Amp,FALSE,0,0,73.348404,,,,,
O9,FALSE,0,1,Unknown,SYBR,32.598263,0.9880929297805110,,Amp,FALSE,0,0,73.23667,,,,,
O10,FALSE,Bd_P__sup_1_T12,1,Unknown,SYBR,25.770788,0.9929751345082750,,Amp,FALSE,0,0,73.34885,,,,,
O11,FALSE,Bd_P__sup_2_T12,1,Unknown,SYBR,25.64166,0.9932392953715930,,Amp,FALSE,0,0,73.34885,,,,,
O12,FALSE,Bd_P__sup_3_T12,1,Unknown,SYBR,25.54286,0.9927938168690710,,Amp,FALSE,0,0,73.34885,,,,,
O13,FALSE,std_-2,1,Unknown,SYBR,8.295458,0.9775079860877510,,Amp,FALSE,0,0,73.01129,,,,,
O14,FALSE,std_-3,1,Unknown,SYBR,11.720142,0.9920454676440460,,Amp,FALSE,0,0,73.01129,,,,,
O15,FALSE,std_-4,1,Unknown,SYBR,15.544594,0.9869803584705950,,Amp,FALSE,0,0,73.01129,,,,,
O16,FALSE,std_-5,1,Unknown,SYBR,18.630745,0.9921836309010880,,Amp,FALSE,0,0,73.01129,,,,,
O17,FALSE,std_-6,1,Unknown,SYBR,21.784348,0.9294497601140200,,Amp,FALSE,0,0,73.01425,,,,,
O18,FALSE,std_-7,1,Unknown,SYBR,26.271927,0.9902007375803210,,Amp,FALSE,0,0,73.12644,,,,,
O19,FALSE,std_-8,1,Unknown,SYBR,28.331615,0.988395716319186,,Amp,FALSE,0,0,73.12644,,,,,
O20,FALSE,std_-9,1,Unknown,SYBR,32.455585,0.9887252637984290,,Amp,FALSE,0,0,73.46301,,,,,
O21,FALSE,std_-10,1,Unknown,SYBR,Undetermined,0,,No Amp,FALSE,0,0,93.32094,,,,,
O22,FALSE,Bd_P__sup_1_T36,1,Unknown,SYBR,25.802423,0.9929396153984100,,Amp,FALSE,0,0,73.46318,,,,,
O23,FALSE,Bd_P__sup_2_T36,1,Unknown,SYBR,25.587276,0.9832098617723320,,Amp,FALSE,0,0,73.46318,,,,,
O24,FALSE,Bd_P__sup_3_T36,1,Unknown,SYBR,25.758244,0.9873576156072120,,Amp,FALSE,0,0,73.46318,,,,,
P1,FALSE,Bd_P__nanopore_1_T18,1,Unknown,SYBR,25.325645,0.6710379072354760,,Amp,FALSE,0,0,73.462006,,,,,
P2,FALSE,Bd_P__nanopore_2_T18,1,Unknown,SYBR,25.818743,0.6944245114691320,,Amp,FALSE,0,0,73.34982,,,,,
P3,FALSE,Bd_P__nanopore_3_T18,1,Unknown,SYBR,24.955166,0.6560637839566610,,Amp,FALSE,0,0,73.34982,,,,,
P4,FALSE,Bd_P__nanopore_4_T18,1,Unknown,SYBR,24.795004,0.6644635096388180,,Amp,FALSE,0,0,73.34982,,,,,
P5,FALSE,Bd_P__nanopore_5_T18,1,Unknown,SYBR,25.313778,0.7234929315895280,,Amp,FALSE,0,0,73.348404,,,,,
P6,FALSE,Bd_sup_pel_P_1_T18,1,Unknown,SYBR,25.97575,0.8311734241504550,,Amp,FALSE,0,0,73.348404,,,,,
P7,FALSE,Bd_sup_pel_P_2_T18,1,Unknown,SYBR,25.904554,0.80233437571502,,Amp,FALSE,0,0,73.348404,,,,,
P8,FALSE,Bd_sup_pel_P_3_T18,1,Unknown,SYBR,25.513243,0.6972281998561700,,Amp,FALSE,0,0,73.23624,,,,,
P9,FALSE,0,1,Unknown,SYBR,Undetermined,0,,No Amp,FALSE,0,0,84.34151,,,,,
P10,FALSE,Bd_P__sup_1_T12,1,Unknown,SYBR,25.133858,0.9537487288937070,,Amp,FALSE,0,0,73.34885,,,,,
P11,FALSE,Bd_P__sup_2_T12,1,Unknown,SYBR,25.003578,0.8906503245135340,,Amp,FALSE,0,0,73.23667,,,,,
P12,FALSE,Bd_P__sup_3_T12,1,Unknown,SYBR,25.7239,0.9930001388261650,,Amp,FALSE,0,0,73.23667,,,,,
P13,FALSE,std_-2,1,Unknown,SYBR,7.9979973,0.939173485702789,,Amp,FALSE,0,0,73.01129,,,,,
P14,FALSE,std_-3,1,Unknown,SYBR,11.391035,0.9933180363555610,,Amp,FALSE,0,0,72.89913,,,,,
P15,FALSE,std_-4,1,Unknown,SYBR,14.882599,0.9916521265810580,,Amp,FALSE,0,0,73.01129,,,,,
P16,FALSE,std_-5,1,Unknown,SYBR,18.078098,0.9666112360150050,,Amp,FALSE,0,0,72.89913,,,,,
P17,FALSE,std_-6,1,Unknown,SYBR,21.887579,0.9906010415648490,,Amp,FALSE,0,0,73.01425,,,,,
P18,FALSE,std_-7,1,Unknown,SYBR,26.534876,0.9780353065374010,,Amp,FALSE,0,0,73.12644,,,,,
P19,FALSE,std_-8,1,Unknown,SYBR,28.57372,0.9875239479237700,,Amp,FALSE,0,0,73.23863,62.80511,,,,
P20,FALSE,std_-9,1,Unknown,SYBR,33.03952,0.9857652715322870,,Amp,FALSE,0,0,73.01425,63.814804,,,,
P21,FALSE,std_-10,1,Unknown,SYBR,33.659115,0.981019802604855,,Amp,FALSE,0,0,73.2388,,,,,
P22,FALSE,Bd_P__sup_1_T36,1,Unknown,SYBR,25.734558,0.9903957438377070,,Amp,FALSE,0,0,73.46318,,,,,
P23,FALSE,Bd_P__sup_2_T36,1,Unknown,SYBR,25.467735,0.951016988771606,,Amp,FALSE,0,0,73.46318,,,,,
P24,FALSE,Bd_P__sup_3_T36,1,Unknown,SYBR,25.625086,0.9828557776827190,,Amp,FALSE,0,0,73.46318,,,,,